file,label
image_1,1
image_2,0
image_3,0
image_4,0
image_5,1
image_6,0
image_7,1
image_8,1
image_9,1
image_10,1
image_11,0
image_12,1
image_13,0
image_14,0
image_15,0
image_16,0
image_17,0
image_18,0
image_19,0
image_20,0
image_21,0
image_22,0
image_23,0
image_24,0
image_25,0
image_26,0
image_27,0
image_28,0
image_29,0
image_30,0
image_31,0
image_32,0
image_33,0
image_34,0
image_35,0
image_36,0
image_37,0
image_38,0
image_39,0
image_40,0
image_41,0
image_42,0
image_43,0
image_44,0
image_45,0
image_46,0
image_47,0
image_48,0
image_49,0
image_50,0
image_51,0
image_52,0
image_53,0
image_54,0
image_55,0
image_56,0
image_57,0
image_58,0
image_59,0
image_60,0
image_61,0
image_62,0
image_63,0
image_64,0
image_65,0
image_66,0
image_67,0
image_68,0
image_69,0
image_70,0
image_71,0
image_72,0
image_73,0
image_74,0
image_75,0
image_76,0
image_77,0
image_78,0
image_79,0
image_80,0
image_81,0
image_82,0
image_83,0
image_84,0
image_85,0
image_86,0
image_87,0
image_88,0
image_89,0
image_90,0
image_91,0
image_92,0
image_93,0
image_94,0
image_95,0
image_96,0
image_97,0
image_98,0
image_99,0
image_100,0
image_101,0
image_102,0
image_103,0
image_104,0
image_105,0
image_106,0
image_107,0
image_108,0
image_109,0
image_110,0
image_111,0
image_112,0
image_113,0
image_114,0
image_115,0
image_116,0
image_117,0
image_118,0
image_119,0
image_120,0
image_121,0
image_122,0
image_123,0
image_124,0
image_125,0
image_126,0
image_127,0
image_128,0
image_129,0
image_130,0
image_131,0
image_132,0
image_133,0
image_134,0
image_135,0
image_136,0
image_137,0
image_138,0
image_139,0
image_140,0
image_141,0
image_142,0
image_143,0
image_144,0
image_145,0
image_146,0
image_147,0
image_148,0
image_149,0
image_150,0
image_151,0
image_152,0
image_153,0
image_154,0
image_155,0
image_156,0
image_157,0
image_158,0
image_159,0
image_160,0
image_161,0
image_162,0
image_163,0
image_164,0
image_165,0
image_166,0
image_167,0
image_168,0
image_169,0
image_170,0
image_171,0
image_172,0
image_173,0
image_174,0
image_175,0
image_176,0
image_177,0
image_178,0
image_179,0
image_180,0
image_181,0
image_182,0
image_183,0
image_184,0
image_185,0
image_186,0
image_187,0
image_188,0
image_189,0
image_190,0
image_191,0
image_192,0
image_193,0
image_194,0
image_195,0
image_196,0
image_197,0
image_198,0
image_199,0
image_200,0
image_201,0
image_202,0
image_203,0
image_204,0
image_205,0
image_206,0
image_207,0
image_208,0
image_209,0
image_210,0
image_211,0
image_212,0
image_213,0
image_214,0
image_215,0
image_216,0
image_217,0
image_218,0
image_219,0
image_220,0
image_221,0
image_222,0
image_223,0
image_224,0
image_225,0
image_226,0
image_227,0
image_228,0
image_229,0
image_230,0
image_231,0
image_232,0
image_233,0
image_234,0
image_235,0
image_236,0
image_237,0
image_238,0
image_239,0
image_240,0
image_241,0
image_242,0
image_243,0
image_244,0
image_245,0
image_246,0
image_247,0
image_248,0
image_249,0
image_250,0
image_251,0
image_252,0
image_253,0
image_254,0
image_255,0
image_256,0
image_257,0
image_258,0
image_259,0
image_260,0
image_261,0
image_262,0
image_263,0
image_264,0
image_265,0
image_266,0
image_267,0
image_268,0
image_269,0
image_270,0
image_271,0
image_272,0
image_273,0
image_274,0
image_275,0
image_276,0
image_277,0
image_278,0
image_279,0
image_280,0
image_281,0
image_282,0
image_283,0
image_284,0
image_285,0
image_286,0
image_287,0
image_288,0
image_289,0
image_290,0
image_291,0
image_292,0
image_293,0
image_294,0
image_295,0
image_296,0
image_297,0
image_298,0
image_299,0
image_300,0
image_301,0
image_302,0
image_303,0
image_304,0
image_305,0
image_306,0
image_307,0
image_308,0
image_309,0
image_310,0
image_311,0
image_312,0
image_313,0
image_314,0
image_315,0
image_316,0
image_317,0
image_318,0
image_319,0
image_320,0
image_321,0
image_322,0
image_323,0
image_324,0
image_325,0
image_326,0
image_327,0
image_328,0
image_329,0
image_330,0
image_331,0
image_332,0
image_333,0
image_334,0
image_335,0
image_336,0
image_337,0
image_338,0
image_339,0
image_340,0
image_341,0
image_342,0
image_343,0
image_344,0
image_345,0
image_346,0
image_347,0
image_348,0
image_349,0
image_350,0
image_351,0
image_352,0
image_353,0
image_354,0
image_355,0
image_356,0
image_357,0
image_358,0
image_359,0
image_360,0
image_361,0
image_362,0
image_363,0
image_364,0
image_365,0
image_366,0
image_367,0
image_368,0
image_369,0
image_370,0
image_371,0
image_372,0
image_373,0
image_374,0
image_375,0
image_376,0
image_377,0
image_378,0
image_379,0
image_380,0
image_381,0
image_382,0
image_383,0
image_384,0
image_385,0
image_386,0
image_387,0
image_388,0
image_389,0
image_390,0
image_391,0
image_392,0
image_393,0
image_394,0
image_395,0
image_396,0
image_397,0
image_398,0
image_399,0
image_400,0
image_401,0
image_402,0
image_403,0
image_404,0
image_405,0
image_406,0
image_407,0
image_408,0
image_409,0
image_410,0
image_411,0
image_412,0
image_413,0
image_414,0
image_415,0
image_416,0
image_417,0
image_418,0
image_419,0
image_420,0
image_421,0
image_422,0
image_423,0
image_424,0
image_425,0
image_426,0
image_427,0
image_428,0
image_429,0
image_430,0
image_431,0
image_432,0
image_433,0
image_434,0
image_435,0
image_436,0
image_437,0
image_438,0
image_439,0
image_440,0
image_441,0
image_442,0
image_443,0
image_444,0
image_445,0
image_446,0
image_447,0
image_448,0
image_449,0
image_450,0
image_451,0
image_452,0
image_453,0
image_454,0
image_455,0
image_456,0
image_457,0
image_458,0
image_459,0
image_460,0
image_461,0
image_462,0
image_463,0
image_464,0
image_465,0
image_466,0
image_467,0
image_468,0
image_469,0
image_470,0
image_471,0
image_472,0
image_473,0
image_474,0
image_475,0
image_476,0
image_477,0
image_478,0
image_479,0
image_480,0
image_481,0
image_482,0
image_483,0
image_484,0
image_485,0
image_486,0
image_487,0
image_488,0
image_489,0
image_490,0
image_491,0
image_492,0
image_493,0
image_494,0
image_495,0
image_496,0
image_497,0
image_498,0
image_499,0
image_500,0
image_501,0
image_502,0
image_503,0
image_504,0
image_505,0
image_506,0
image_507,0
image_508,0
image_509,0
image_510,0
image_511,0
image_512,0
image_513,0
image_514,0
image_515,0
image_516,0
image_517,0
image_518,0
image_519,0
image_520,0
image_521,0
image_522,0
image_523,0
image_524,0
image_525,0
image_526,0
image_527,0
image_528,0
image_529,0
image_530,0
image_531,0
image_532,0
image_533,0
image_534,0
image_535,0
image_536,0
image_537,0
image_538,0
image_539,0
image_540,0
image_541,0
image_542,0
image_543,0
image_544,0
image_545,0
image_546,0
image_547,0
image_548,0
image_549,0
image_550,0
image_551,0
image_552,0
image_553,0
image_554,0
image_555,0
image_556,0
image_557,0
image_558,0
image_559,0
image_560,0
image_561,0
image_562,0
image_563,0
image_564,0
image_565,0
image_566,0
image_567,0
image_568,0
image_569,0
image_570,0
image_571,0
image_572,0
image_573,0
image_574,0
image_575,0
image_576,0
image_577,0
image_578,0
image_579,0
image_580,0
image_581,0
image_582,0
image_583,0
image_584,0
image_585,0
image_586,0
image_587,0
image_588,0
image_589,0
image_590,0
image_591,0
image_592,0
image_593,0
image_594,0
image_595,0
image_596,0
image_597,0
image_598,0
image_599,0
image_600,0
image_601,0
image_602,0
image_603,0
image_604,0
image_605,0
image_606,0
image_607,0
image_608,0
image_609,0
image_610,0
image_611,0
image_612,0
image_613,0
image_614,0
image_615,0
image_616,0
image_617,0
image_618,0
image_619,0
image_620,0
image_621,0
image_622,0
image_623,0
image_624,0
image_625,0
image_626,0
image_627,0
image_628,0
image_629,0
image_630,0
image_631,0
image_632,0
image_633,0
image_634,0
image_635,0
image_636,0
image_637,0
image_638,0
image_639,0
image_640,0
image_641,0
image_642,0
image_643,0
image_644,0
image_645,0
image_646,0
image_647,0
image_648,0
image_649,0
image_650,0
image_651,0
image_652,0
image_653,0
image_654,0
image_655,0
image_656,0
image_657,0
image_658,0
image_659,0
image_660,0
image_661,0
image_662,0
image_663,0
image_664,0
image_665,0
image_666,0
image_667,0
image_668,0
image_669,0
image_670,0
image_671,0
image_672,0
image_673,0
image_674,0
image_675,0
image_676,0
image_677,0
image_678,0
image_679,0
image_680,0
image_681,0
image_682,0
image_683,0
image_684,0
image_685,0
image_686,0
image_687,0
image_688,0
image_689,0
image_690,0
image_691,0
image_692,0
image_693,0
image_694,0
image_695,0
image_696,0
image_697,0
image_698,0
image_699,0
image_700,0
image_701,0
image_702,0
image_703,0
image_704,0
image_705,0
image_706,0
image_707,0
image_708,0
image_709,0
image_710,0
image_711,0
image_712,0
image_713,0
image_714,0
image_715,0
image_716,0
image_717,0
image_718,0
image_719,0
image_720,0
image_721,0
image_722,0
image_723,0
image_724,0
image_725,0
image_726,0
image_727,0
image_728,0
image_729,0
image_730,0
image_731,0
image_732,0
image_733,0
image_734,0
image_735,0
image_736,0
image_737,0
image_738,0
image_739,0
image_740,0
image_741,0
image_742,0
image_743,0
image_744,0
image_745,0
image_746,0
image_747,0
image_748,0
image_749,0
image_750,0
image_751,0
image_752,0
image_753,0
image_754,0
image_755,0
image_756,0
image_757,0
image_758,0
image_759,0
image_760,0
image_761,0
image_762,0
image_763,0
image_764,0
image_765,0
image_766,0
image_767,0
image_768,0
image_769,0
image_770,0
image_771,0
image_772,0
image_773,0
image_774,0
image_775,0
image_776,0
image_777,0
image_778,0
image_779,0
image_780,0
image_781,0
image_782,0
image_783,0
image_784,0
image_785,0
image_786,0
image_787,0
image_788,0
image_789,0
image_790,0
image_791,0
image_792,0
image_793,0
image_794,0
image_795,0
image_796,0
image_797,0
image_798,0
image_799,0
image_800,0
image_801,0
image_802,0
image_803,0
image_804,0
image_805,0
image_806,0
image_807,0
image_808,0
image_809,0
image_810,0
image_811,0
image_812,0
image_813,0
image_814,0
image_815,0
image_816,0
image_817,0
image_818,0
image_819,0
image_820,0
image_821,0
image_822,0
image_823,0
image_824,0
image_825,0
image_826,0
image_827,0
image_828,0
image_829,0
image_830,0
image_831,0
image_832,0
image_833,0
image_834,0
image_835,0
image_836,0
image_837,0
image_838,0
image_839,0
image_840,0
image_841,0
image_842,0
image_843,0
image_844,0
image_845,0
image_846,0
image_847,0
image_848,0
image_849,0
image_850,0
image_851,0
image_852,0
image_853,0
image_854,0
image_855,0
image_856,0
image_857,0
image_858,0
image_859,0
image_860,0
image_861,0
image_862,0
image_863,0
image_864,0
image_865,0
image_866,0
image_867,0
image_868,0
image_869,0
image_870,0
image_871,0
image_872,0
image_873,0
image_874,0
